<?xml version="1.0" encoding="UTF-8"?>
<!DOCTYPE beans PUBLIC "-//SPRING//DTD BEAN//EN" "http://www.springframework.org/dtd/spring-beans.dtd">
<beans>

	<bean id="loggerListener"
		class="org.springframework.security.event.authentication.LoggerListener" />


	<bean id="dataSource" class="org.apache.commons.dbcp.BasicDataSource">
		<property name="driverClassName">
			<value>com.mysql.jdbc.Driver</value>
		</property>
		<property name="url">
			<value>jdbc:mysql://localhost:3306/trf</value>
		</property>
		<property name="username">
			<value>root</value>
		</property>
		<property name="password">
			<value></value>
		</property>
	</bean>

	<bean id="sessionFactory"
		class="org.springframework.orm.hibernate3.LocalSessionFactoryBean">
		<property name="mappingLocations">
			<list>
				<value>WEB-INF/TravelRequest.hbm.xml</value>
				<value>WEB-INF/Employee.hbm.xml</value>
			</list>
		</property>
		<property name="hibernateProperties">
			<props>
				<prop key="hibernate.dialect">
					org.hibernate.dialect.MySQLDialect
				</prop>
				<prop key="hibernate.show_sql">true</prop>
			</props>
		</property>
		<property name="dataSource">
			<ref bean="dataSource" />
		</property>
		<property name="exposeTransactionAwareSessionFactory">
			<value>false</value>
		</property>
	</bean>

	<!-- Hibernate Template Defintion -->
	<bean id="hibernateTemplate" class="org.springframework.orm.hibernate3.HibernateTemplate">
		<property name="sessionFactory">
			<ref bean="sessionFactory" />
		</property>
		<property name="jdbcExceptionTranslator">
			<ref bean="jdbcExceptionTranslator" />
		</property>
	</bean>

	<!-- Spring Data Access Exception Translator Defintion -->
	<bean id="jdbcExceptionTranslator"
		class="org.springframework.jdbc.support.SQLErrorCodeSQLExceptionTranslator">
		<property name="dataSource">
			<ref bean="dataSource" />
		</property>
	</bean>

	<bean id="travelRequestDao" class="com.sony.travelRequest.dao.TravelRequestDao">
		<property name="hibernateTemplate">
			<ref bean="hibernateTemplate" />
		</property>
	</bean>

	<import resource="mailContext.xml" />
</beans>