<?xml version="1.0"?>
<!DOCTYPE hibernate-mapping PUBLIC "-//Hibernate/Hibernate Mapping DTD 3.0//EN"
"http://hibernate.sourceforge.net/hibernate-mapping-3.0.dtd">
<!-- Generated Apr 14, 2010 7:36:48 PM by Hibernate Tools 3.3.0.GA -->
<hibernate-mapping>
	<class name="com.sony.travelRequest.model.Employee" table="EMPLOYEE">
		<id name="id" type="int" column="ID">
			<generator class="increment" />
		</id>
		<property name="name" type="java.lang.String">
			<column name="NAME" />
		</property>
		<property name="unit" type="java.lang.String">
			<column name="UNIT" />
		</property>
		<property name="designation" type="java.lang.String">
			<column name="DESIGNATION" />
		</property>
		<property name="department" type="java.lang.String">
			<column name="DEPARTMENT" />
		</property>
		<property name="projectName" type="java.lang.String">
			<column name="PROJECTNAME" />
		</property>
		<property name="telephoneExt" type="java.lang.String">
			<column name="TELEPHONEEXT" />
		</property>
		<property name="mobileNumber" type="java.lang.String">
			<column name="MOBILENUMBER" />
		</property>
		<property name="emailId" type="java.lang.String">
			<column name="EMAILID" />
		</property>
		<property name="grade" type="java.lang.String">
			<column name="GRADE" />
		</property>
	</class>
</hibernate-mapping>
