<?xml version="1.0" encoding="UTF-8"?>
<faces-config xmlns="http://java.sun.com/xml/ns/javaee"
	xmlns:xsi="http://www.w3.org/2001/XMLSchema-instance"
	xsi:schemaLocation="http://java.sun.com/xml/ns/javaee http://java.sun.com/xml/ns/javaee/web-facesconfig_1_2.xsd"
	version="1.2">

	<application>
		<el-resolver>org.springframework.web.jsf.el.SpringBeanFacesELResolver</el-resolver>
		<variable-resolver>
			org.springframework.web.jsf.DelegatingVariableResolver</variable-resolver>
		<locale-config>
			<default-locale>en</default-locale>
		</locale-config>
		<resource-bundle>
			<base-name>resourceMessage</base-name>
			<var>message</var>
		</resource-bundle>
	</application>

	<validator>
		<validator-id>emailValidator</validator-id>
		<validator-class>com.sony.travelRequest.validator.EmailValidator</validator-class>
	</validator>

	<validator>
		<validator-id>reqIdValidator</validator-id>
		<validator-class>com.sony.travelRequest.validator.ReqIdValidator</validator-class>
	</validator>

	<validator>
		<validator-id>roleValidator</validator-id>
		<validator-class>com.sony.travelRequest.validator.RoleValidator</validator-class>
	</validator>
	
	<validator>
		<validator-id>numberValidator</validator-id>
		<validator-class>com.sony.travelRequest.validator.NumberValidator</validator-class>
	</validator>


<managed-bean>
		<description>
			Current logged in user's authentication information
		</description>
		<managed-bean-name>loginBean</managed-bean-name>
		<managed-bean-class>
			com.ocpsoft.pages.login.LoginBean
		</managed-bean-class>
		<managed-bean-scope>
		request</managed-bean-scope>
	</managed-bean>
	
	
	<managed-bean>
		<managed-bean-name>travelProcessor</managed-bean-name>
		<managed-bean-class>com.sony.travelRequest.action.TravelProcessor</managed-bean-class>
		<managed-bean-scope>request</managed-bean-scope>
		<managed-property>
			<property-name>travelRequest</property-name>
			<property-class>com.sony.travelRequest.model.TravelRequest</property-class>
			<value>#{travelRequest}</value>
		</managed-property>

		<managed-property>
			<property-name>travelParamBean</property-name>
			<property-class>com.sony.travelRequest.model.TravelParamBean</property-class>
			<value>#{travelParamBean}</value>
		</managed-property>

		<managed-property>
			<property-name>travelRequestDao</property-name>
			<value>#{travelRequestDao}</value>
		</managed-property>
		<managed-property>
			<property-name>emailComponent</property-name>
			<value>#{emailComponent}</value>
		</managed-property>
	</managed-bean>

	<managed-bean>
		<managed-bean-name>TableBean</managed-bean-name>
		<managed-bean-class>com.sony.travelRequest.test.TableBean</managed-bean-class>
		<managed-bean-scope>session</managed-bean-scope>
	</managed-bean>

	<managed-bean>
		<managed-bean-name>travelRequest</managed-bean-name>
		<managed-bean-class>com.sony.travelRequest.model.TravelRequest</managed-bean-class>
		<managed-bean-scope>session</managed-bean-scope>
	</managed-bean>

	<managed-bean>
		<managed-bean-name>travelParamBean</managed-bean-name>
		<managed-bean-class>com.sony.travelRequest.model.TravelParamBean</managed-bean-class>
		<managed-bean-scope>request</managed-bean-scope>
	</managed-bean>

	<navigation-rule>
		<from-view-id>/travelForm.jsp</from-view-id>
		<navigation-case>
			<from-outcome>result</from-outcome>
			<to-view-id>/travelFormSum.jsp</to-view-id>
		</navigation-case>
		<navigation-case>
			<from-outcome>invalid</from-outcome>
			<to-view-id>/travelForm.jsp</to-view-id>
		</navigation-case>
	</navigation-rule>

	<navigation-rule>
		<from-view-id>/travelFormSum.jsp</from-view-id>
		<navigation-case>
			<from-outcome>/travelSummary</from-outcome>
			<to-view-id>/travelFormSum.jsp</to-view-id>
		</navigation-case>
	</navigation-rule>
	
</faces-config>
