<pretty-config xmlns="http://ocpsoft.com/prettyfaces-xsd"
	xmlns:xsi="http://www.w3.org/2001/XMLSchema-instance"
	xsi:schemaLocation="http://ocpsoft.com/prettyfaces-xsd 
	http://ocpsoft.com/xml/ns/prettyfaces/pretty-1.0.xsd">


	<url-mapping id="viewItem">
		<pattern>
			/summary/#{travelParamBean.role}/#{travelParamBean.reqId}
			</pattern>
		<view-id>/travelFormSum.jsf</view-id>
		<action phaseId="RENDER_RESPONSE"> #{travelProcessor.sendReqId} </action>
	</url-mapping>
	<url-mapping id="viewItem1">
		<pattern>
			/editForm/#{travelParamBean.role}/#{travelParamBean.reqId}
			</pattern>
		<view-id>/faces/privat/travelForm.jsf</view-id>
		<action phaseId="RENDER_RESPONSE"> #{travelProcessor.sendReqId} </action>
	</url-mapping>
	<url-mapping id="blah">
		<pattern> /blah/shoo</pattern>
		<view-id>/travelForm.jsf</view-id>
	</url-mapping>
	<url-mapping id="demo">
		<pattern> /demo</pattern>
		<view-id> /travelForm.jsf </view-id>
	</url-mapping>
</pretty-config>